{"mean f err": 2.2050143823623656, "std f err": 0.017768935276615598, "mean L2 err": 0.15274682766199113, "std data err": 0.0022961326671277382, "_runtime": 6, "_timestamp": 1654062827, "_step": 0, "_wandb": {"runtime": 7}}