{"train loss": 2.5590654468536376, "f loss": 2.5590654468536376, "f loss weighted": 1.2080028554610909, "data loss": 0.25661320239305496, "_runtime": 2269, "_timestamp": 1655236383, "_step": 0}