{"train loss": 2.574307198524475, "f loss": 2.574307198524475, "f loss weighted": 3.230764252251106e-06, "data loss": 0.09716594353318214, "_runtime": 3060, "_timestamp": 1654050526, "_step": 24, "_wandb": {"runtime": 3061}}