{"mean f err": 1.7926603914499284, "std f err": 0.01579256293102037, "mean L2 err": 0.09678523845970631, "std data err": 0.0015819303182542925, "_runtime": 5, "_timestamp": 1654062824, "_step": 0, "_wandb": {"runtime": 6}}