{"gradients/domain_param": {"_type": "histogram", "values": [176836.0, 46608.0, 15839.0, 6828.0, 3865.0, 2675.0, 1882.0, 1074.0, 649.0, 436.0, 344.0, 195.0, 135.0, 113.0, 68.0, 60.0, 53.0, 52.0, 25.0, 26.0, 19.0, 35.0, 25.0, 16.0, 14.0, 19.0, 15.0, 9.0, 25.0, 17.0, 13.0, 20.0, 22.0, 7.0, 6.0, 5.0, 4.0, 5.0, 1.0, 0.0, 1.0, 2.0, 0.0, 0.0, 1.0, 0.0, 1.0, 0.0, 0.0, 0.0, 0.0, 0.0, 0.0, 0.0, 2.0, 0.0, 0.0, 0.0, 0.0, 0.0, 0.0, 0.0, 0.0, 1.0], "bins": [1.159989254301001e-16, 4.700203589891316e-06, 9.400407179782633e-06, 1.41006112244213e-05, 1.8800814359565265e-05, 2.350101749470923e-05, 2.82012224488426e-05, 3.2901425583986565e-05, 3.760162871913053e-05, 4.2301831854274496e-05, 4.700203498941846e-05, 5.1702241762541234e-05, 5.64024448976852e-05, 6.110264803282917e-05, 6.580285116797313e-05, 7.05030543031171e-05, 7.520325743826106e-05, 7.990346057340503e-05, 8.460366370854899e-05, 8.930386684369296e-05, 9.400406997883692e-05, 9.870427311398089e-05, 0.00010340448352508247, 0.00010810467938426882, 0.0001128048897953704, 0.00011750509293051437, 0.00012220529606565833, 0.0001269055064767599, 0.00013160570233594626, 0.00013630591274704784, 0.0001410061086062342, 0.00014570631901733577, 0.00015040651487652212, 0.0001551067252876237, 0.00015980692114681005, 0.00016450713155791163, 0.00016920732741709799, 0.00017390753782819957, 0.00017860773368738592, 0.0001833079440984875, 0.00018800813995767385, 0.00019270835036877543, 0.00019740854622796178, 0.00020210875663906336, 0.0002068089524982497, 0.0002115091629093513, 0.00021620935876853764, 0.00022090956917963922, 0.0002256097795907408, 0.00023030999000184238, 0.00023501018586102873, 0.0002397103962721303, 0.00024441059213131666, 0.00024911080254241824, 0.0002538110129535198, 0.00025851119426079094, 0.0002632114046718925, 0.0002679116150829941, 0.0002726118254940957, 0.0002773120068013668, 0.0002820122172124684, 0.00028671242762356997, 0.00029141263803467155, 0.00029611281934194267, 0.00030081302975304425]}, "gradients/init_param": {"_type": "histogram", "values": [3514.0, 164.0, 97.0, 62.0, 57.0, 42.0, 35.0, 10.0, 6.0, 12.0, 9.0, 0.0, 12.0, 8.0, 7.0, 3.0, 1.0, 1.0, 3.0, 2.0, 2.0, 1.0, 4.0, 2.0, 0.0, 3.0, 0.0, 3.0, 1.0, 1.0, 0.0, 1.0, 4.0, 2.0, 1.0, 1.0, 1.0, 0.0, 2.0, 0.0, 0.0, 1.0, 3.0, 0.0, 2.0, 1.0, 1.0, 1.0, 1.0, 1.0, 1.0, 1.0, 0.0, 0.0, 3.0, 0.0, 0.0, 0.0, 2.0, 1.0, 1.0, 1.0, 0.0, 1.0], "bins": [4.90411660933332e-12, 0.0006893171230331063, 0.0013786342460662127, 0.002067951485514641, 0.0027572684921324253, 0.00344658549875021, 0.004135902971029282, 0.004825219977647066, 0.005514536984264851, 0.006203853990882635, 0.00689317099750042, 0.007582488469779491, 0.008271805942058563, 0.00896112248301506, 0.009650439955294132, 0.010339757427573204, 0.011029073968529701, 0.011718391440808773, 0.01240770798176527, 0.013097025454044342, 0.01378634199500084, 0.014475659467279911, 0.015164976939558983, 0.01585429348051548, 0.016543611884117126, 0.017232928425073624, 0.01792224682867527, 0.018611563369631767, 0.019300879910588264, 0.01999019831418991, 0.020679514855146408, 0.021368831396102905, 0.022058147937059402, 0.0227474644780159, 0.023436782881617546, 0.024126099422574043, 0.02481541596353054, 0.025504734367132187, 0.026194050908088684, 0.02688336744904518, 0.02757268399000168, 0.028262000530958176, 0.028951318934559822, 0.02964063547551632, 0.030329952016472816, 0.031019270420074463, 0.03170858696103096, 0.03239790350198746, 0.03308722376823425, 0.03377654030919075, 0.03446585685014725, 0.03515517711639404, 0.03584449365735054, 0.03653381019830704, 0.037223126739263535, 0.03791244328022003, 0.03860175982117653, 0.039291076362133026, 0.03998039290308952, 0.04066970944404602, 0.041359029710292816, 0.04204834625124931, 0.04273766279220581, 0.04342697933316231, 0.044116295874118805]}, "Train f error": 1.0195692777633667, "Train IC error": 0.7990325689315796, "Train Total loss": 5.014732360839844, "Test L2 error": 0.8688103556632996, "Time cost": 0.13161110505461693, "_runtime": 5, "_timestamp": 1648831599, "_step": 3, "_wandb": {"runtime": 6}}