{"mean f err": 1.9749463307857513, "std f err": 0.016450599694992428, "mean L2 err": 0.1737230062559247, "std data err": 0.0021700136207781252, "_runtime": 8, "_timestamp": 1653562631, "_step": 0, "_wandb": {"runtime": 6}}