{"train loss": 2.743977427482605, "f loss": 2.743977427482605, "f loss weighted": 0.00038516061526024716, "data loss": 0.14486444026231765, "_runtime": 1381, "_timestamp": 1653547191, "_step": 3, "_wandb": {"runtime": 2249}}