{"mean f err": 0.7237581281065941, "std f err": 0.008353057525249273, "mean L2 err": 0.026193959772586824, "std data err": 0.0004407693337827231, "_runtime": 7, "_timestamp": 1654062829, "_step": 0, "_wandb": {"runtime": 7}}