{"train loss": 3.5739202272891997, "f loss": 3.5739202272891997, "f loss weighted": 0.3742951697157696, "data loss": 0.3898118150234222, "_runtime": 165, "_timestamp": 1653537627, "_step": 0, "_wandb": {"runtime": 166}}