{"Train f error": 0.44550350308418274, "Train L2 error": 0.034875206649303436, "Train loss": 0.6198795437812805, "Test L2 error": 0.26672565937042236, "Time cost": 0.1504302688408643, "_runtime": 36, "_timestamp": 1646968244, "_step": 234, "_wandb": {"runtime": 37}}