{"mean f err": 1.0000658822655677, "std f err": 0.013095850204577516, "mean L2 err": 0.02039902593754232, "std data err": 0.0003817131165647832, "_runtime": 6, "_timestamp": 1655119956, "_step": 0, "_wandb": {"runtime": 6}}