{"train loss": 5.4593924713134765, "f loss": 5.4593924713134765, "f loss weighted": 9.380026044709666e-06, "data loss": 0.23386559545993804, "_runtime": 3207, "_timestamp": 1653549013, "_step": 24, "_wandb": {"runtime": 3209}}