{"train loss": 1.8474564385414123, "f loss": 1.8474564385414123, "f loss weighted": 0.01031764693558216, "data loss": 0.04244709402322769, "_runtime": 8115, "_timestamp": 1655247622, "_step": 4}