{"train loss": 0.5229540413618088, "f loss": 0.5229540413618088, "f loss weighted": 0.039769925698637965, "data loss": 0.022716684341430662, "_runtime": 85451, "_timestamp": 1655324958, "_step": 27}