{"mean f err": 2.7853468725681303, "std f err": 0.03151989422746012, "mean L2 err": 0.1644133145660162, "std data err": 0.0023095626746958402, "_runtime": 6, "_timestamp": 1654062826, "_step": 0, "_wandb": {"runtime": 7}}