{"train loss": 0.0553106115013361, "f loss": 0.0553106115013361, "data loss": 0.012631003092974425, "_runtime": 730, "_timestamp": 1654031202, "_step": 299, "_wandb": {"runtime": 732}}