{"train loss": 3.1671812748908996, "f loss": 3.1671812748908996, "f loss weighted": 0.002603435768190252, "data loss": 0.4729233407974243, "_runtime": 159, "_timestamp": 1653537356, "_step": 0, "_wandb": {"runtime": 157}}