{"mean f err": 0.7040130974650383, "std f err": 0.009117267574500766, "mean L2 err": 0.021405028106644748, "std data err": 0.00032399610890724683, "_runtime": 7, "_timestamp": 1655119959, "_step": 0, "_wandb": {"runtime": 8}}