{"train loss": 1.7136066675186157, "f loss": 1.7136066675186157, "f loss weighted": 2.2036343119680167e-05, "data loss": 0.12211026728153229, "_runtime": 3264, "_timestamp": 1654050728, "_step": 24, "_wandb": {"runtime": 3265}}