{"mean f err": 1.020374178290367, "std f err": 0.01398923153345007, "mean L2 err": 0.01902134058251977, "std data err": 0.0002940465257440565, "_runtime": 6, "_timestamp": 1655119959, "_step": 0, "_wandb": {"runtime": 7}}