{"train loss": 0.05570108525454998, "f loss": 0.05570108525454998, "data loss": 0.012626008968800307, "_runtime": 727, "_timestamp": 1653449518, "_step": 299, "_wandb": {"runtime": 727}}