{"mean f err": 1.2552162293195726, "std f err": 0.013449847120853347, "mean L2 err": 0.03322711088508368, "std data err": 0.0005686430189428688, "_runtime": 6, "_timestamp": 1654062825, "_step": 0, "_wandb": {"runtime": 6}}