{"mean f err": 1.7233236091136932, "std f err": 0.016264600579322122, "mean L2 err": 0.04697907634079456, "std data err": 0.0007997459300104716, "_runtime": 6, "_timestamp": 1654062823, "_step": 0, "_wandb": {"runtime": 6}}