{"mean f err": 1.2246086087226868, "std f err": 0.011366359404675758, "mean L2 err": 0.04306005828827619, "std data err": 0.0007026332433107367, "_runtime": 6, "_timestamp": 1654062823, "_step": 0, "_wandb": {"runtime": 6}}