{"train loss": 1.8561847257614135, "f loss": 1.8561847257614135, "f loss weighted": 7.730379513759544e-06, "data loss": 0.11138096556067467, "_runtime": 3596, "_timestamp": 1654051050, "_step": 24, "_wandb": {"runtime": 3597}}