{"mean f err": 1.0100738708972932, "std f err": 0.0099990291598002, "mean L2 err": 0.032104378016665575, "std data err": 0.0007185474449031433, "_runtime": 6, "_timestamp": 1655119958, "_step": 0, "_wandb": {"runtime": 7}}