{"train loss": 2.8802486658096313, "f loss": 2.8802486658096313, "f loss weighted": 0.0005117034961585887, "data loss": 0.11078373447060585, "_runtime": 4646, "_timestamp": 1654052110, "_step": 24, "_wandb": {"runtime": 4647}}