{"train loss": 0.254839600622654, "f loss": 0.254839600622654, "data loss": 0.10671751752495766, "_runtime": 70, "_timestamp": 1651469987, "_step": 25, "_wandb": {"runtime": 73}}