{"train loss": 3.3201365184783938, "f loss": 3.3201365184783938, "f loss weighted": -3.8629268829026845e-06, "data loss": 0.13613708645105363, "_runtime": 4185, "_timestamp": 1653549995, "_step": 24, "_wandb": {"runtime": 4186}}