{"train loss": 1.901552472114563, "f loss": 1.901552472114563, "f loss weighted": 0.0006728106602895423, "data loss": 0.10023308854550123, "_runtime": 9406, "_timestamp": 1653555218, "_step": 24, "_wandb": {"runtime": 9408}}