{"train loss": 0.8678306460380554, "f loss": 0.8678306460380554, "f loss weighted": 40599572561.92, "data loss": 0.025554277002811432, "_runtime": 18401, "_timestamp": 1653564211, "_step": 24, "_wandb": {"runtime": 18399}}