{"mean f err": 1.8812391777038575, "std f err": 0.015603191504971964, "mean L2 err": 0.08034032762050629, "std data err": 0.0012674382096968127, "_runtime": 6, "_timestamp": 1654062825, "_step": 0, "_wandb": {"runtime": 6}}