{"train loss": 2.0882989168167114, "f loss": 2.0882989168167114, "f loss weighted": 1.5288490533828736, "data loss": 0.09167946904897689, "_runtime": 3448, "_timestamp": 1655237564, "_step": 1}