{"mean f err": 2.1929818751811982, "std f err": 0.023329646976787344, "mean L2 err": 0.10380844914168119, "std data err": 0.0013890766694124792, "_runtime": 6, "_timestamp": 1654062823, "_step": 0, "_wandb": {"runtime": 7}}