{"train loss": 1.067912482023239, "f loss": 1.067912482023239, "f loss weighted": 199.30955718994142, "data loss": 0.03214070864021778, "_runtime": 11091, "_timestamp": 1654058555, "_step": 24, "_wandb": {"runtime": 11091}}