{"train loss": 0.4629796767234802, "f loss": 0.4629796767234802, "data loss": 0.3202967494726181, "_runtime": 22, "_timestamp": 1653446957, "_step": 5, "_wandb": {"runtime": 23}}