{"mean f err": 1.3763909845352174, "std f err": 0.012481111081181459, "mean L2 err": 0.09705246733874083, "std data err": 0.0016898474786762577, "_runtime": 8, "_timestamp": 1654041329, "_step": 0, "_wandb": {"runtime": 9}}