{"train loss": 0.8966374039649964, "f loss": 0.8966374039649964, "f loss weighted": 0.02998646941035986, "data loss": 0.0419474933296442, "_runtime": 10883, "_timestamp": 1654058347, "_step": 24, "_wandb": {"runtime": 10885}}