{"train loss": 0.5735942947864533, "f loss": 0.5735942947864533, "f loss weighted": 0.163633713722229, "data loss": 0.02241665083914995, "_runtime": 23324, "_timestamp": 1655109999, "_step": 49, "_wandb": {"runtime": 23325}}