{"train loss": 3.091069736480713, "f loss": 3.091069736480713, "f loss weighted": -5.773786720283169e-05, "data loss": 0.29419369161129, "_runtime": 4296, "_timestamp": 1654051759, "_step": 24, "_wandb": {"runtime": 4297}}