{"train loss": 2.610336699485779, "f loss": 2.610336699485779, "f loss weighted": 1.1069752004556357, "data loss": 0.26352112770080566, "_runtime": 2843, "_timestamp": 1655236958, "_step": 0}