{"mean f err": 0.9875886936187744, "std f err": 0.010560233374754827, "mean L2 err": 0.02719867897965014, "std data err": 0.0005064009144135074, "_runtime": 5, "_timestamp": 1654062826, "_step": 0, "_wandb": {"runtime": 6}}