{"mean f err": 0.982255797803402, "std f err": 0.011948136295385891, "mean L2 err": 0.02115063072182238, "std data err": 0.00037253058919157713, "_runtime": 6, "_timestamp": 1655119956, "_step": 0, "_wandb": {"runtime": 6}}