{"train loss": 2.294717028141022, "f loss": 2.294717028141022, "f loss weighted": -1.432670947210113e-06, "data loss": 0.11146322786808013, "_runtime": 5447, "_timestamp": 1653551257, "_step": 24, "_wandb": {"runtime": 5445}}