{"train loss": 1.2698350310325623, "f loss": 1.2698350310325623, "f loss weighted": 0.00033009879785822705, "data loss": 0.0454342419654131, "_runtime": 7919, "_timestamp": 1654055388, "_step": 24, "_wandb": {"runtime": 7919}}