{"mean f err": 0.8618545779585838, "std f err": 0.010067564480927157, "mean L2 err": 0.025727171970531343, "std data err": 0.00038323582166545226, "_runtime": 6, "_timestamp": 1655119959, "_step": 0, "_wandb": {"runtime": 7}}