{"mean f err": 2.7990926601886748, "std f err": 0.02027508738145803, "mean L2 err": 0.1879758513122797, "std data err": 0.003107310216943867, "_runtime": 8, "_timestamp": 1653536856, "_step": 0, "_wandb": {"runtime": 8}}