{"mean f err": 2.785280754327774, "std f err": 0.022590156921213248, "mean L2 err": 0.1057970348969102, "std data err": 0.0017371099183945062, "_runtime": 6, "_timestamp": 1654062826, "_step": 0, "_wandb": {"runtime": 6}}