{"train loss": 1.8991211891174316, "f loss": 1.8991211891174316, "f loss weighted": 0.34403723895549776, "data loss": 0.06107470661401749, "_runtime": 2935, "_timestamp": 1655237049, "_step": 2}