{"train loss": 1.800681254863739, "f loss": 1.800681254863739, "f loss weighted": 4.332684590622193e-06, "data loss": 0.08917428627610206, "_runtime": 5232, "_timestamp": 1655091911, "_step": 49, "_wandb": {"runtime": 5233}}