{"train loss": 1.552384114265442, "f loss": 1.552384114265442, "f loss weighted": 0.015160738136619329, "data loss": 0.04045394204556942, "_runtime": 7739, "_timestamp": 1655247252, "_step": 6}