{"mean f err": 0.971717235326767, "std f err": 0.009643104762511406, "mean L2 err": 0.04058903468027711, "std data err": 0.0006816599919798852, "_runtime": 6, "_timestamp": 1654062828, "_step": 0, "_wandb": {"runtime": 7}}