{"train loss": 0.5466787451505661, "f loss": 0.5466787451505661, "f loss weighted": 0.28434352040290833, "data loss": 0.020067312847822906, "_runtime": 13542, "_timestamp": 1655100217, "_step": 49, "_wandb": {"runtime": 13542}}