{"train loss": 0.9864220380783081, "f loss": 0.9864220380783081, "f loss weighted": 0.0006116348906653002, "data loss": 0.04921623446047306, "_runtime": 14531, "_timestamp": 1655101206, "_step": 49, "_wandb": {"runtime": 14531}}