{"mean f err": 1.4254958634376527, "std f err": 0.012746103597019642, "mean L2 err": 0.04474811611697078, "std data err": 0.0006407396237224465, "_runtime": 8, "_timestamp": 1654062829, "_step": 0, "_wandb": {"runtime": 8}}