{"train loss": 1.5927145051956177, "f loss": 1.5927145051956177, "f loss weighted": 0.0007830714661395177, "data loss": 0.04271997272968292, "_runtime": 8757, "_timestamp": 1653554567, "_step": 24, "_wandb": {"runtime": 8759}}