{"train loss": 3.1677295708656312, "f loss": 3.1677295708656312, "f loss weighted": 0.002603493712981617, "data loss": 0.47289670556783675, "_runtime": 155, "_timestamp": 1653537617, "_step": 0, "_wandb": {"runtime": 155}}