{"train loss": 2.4059464025497435, "f loss": 2.4059464025497435, "f loss weighted": 9.930735712259775e-05, "data loss": 0.1459145501255989, "_runtime": 2816, "_timestamp": 1654050270, "_step": 24, "_wandb": {"runtime": 2817}}