{"train loss": 3.5735457694530486, "f loss": 3.5735457694530486, "f loss weighted": 0.3741011271439493, "data loss": 0.38988235622644424, "_runtime": 165, "_timestamp": 1653536815, "_step": 0, "_wandb": {"runtime": 164}}