{"Train f error": 1.4954830932617187, "Test L2 error": 0.7705266571044922, "_runtime": 34, "_timestamp": 1647157852, "_step": 0, "_wandb": {"runtime": 35}}