{"Train f error": 1.4146437072753906, "Test L2 error": 0.8643568420410156, "_runtime": 35, "_timestamp": 1647156370, "_step": 0, "_wandb": {"runtime": 35}}