{"mean f err": 2.3067660346031187, "std f err": 0.021435252546722235, "mean L2 err": 0.06763753666356206, "std data err": 0.0008147233368477529, "_runtime": 6, "_timestamp": 1655119956, "_step": 0, "_wandb": {"runtime": 6}}