{"train loss": 0.1077574209868908, "f loss": 0.1077574209868908, "data loss": 0.02480593791231513, "_runtime": 309, "_timestamp": 1653447352, "_step": 123}