{"train loss": 2.9799540662765502, "f loss": 2.9799540662765502, "f loss weighted": 0.12622385833412408, "data loss": 0.11458921730518341, "_runtime": 1659, "_timestamp": 1655245238, "_step": 9, "_wandb": {"runtime": 1660}}