{"mean f err": 1.194664837360382, "std f err": 0.010551517498497006, "mean L2 err": 0.046827497728168965, "std data err": 0.0007627614881292213, "_runtime": 6, "_timestamp": 1654054462, "_step": 0, "_wandb": {"runtime": 6}}