{"gradients/params": {"_type": "histogram", "values": [1178.0, 393.0, 247.0, 192.0, 157.0, 112.0, 100.0, 80.0, 85.0, 55.0, 63.0, 55.0, 46.0, 47.0, 45.0, 30.0, 40.0, 26.0, 35.0, 23.0, 23.0, 22.0, 16.0, 21.0, 10.0, 17.0, 15.0, 9.0, 16.0, 10.0, 8.0, 11.0, 9.0, 6.0, 10.0, 4.0, 3.0, 4.0, 4.0, 1.0, 3.0, 2.0, 4.0, 1.0, 1.0, 1.0, 0.0, 2.0, 0.0, 0.0, 1.0, 0.0, 0.0, 0.0, 0.0, 0.0, 0.0, 1.0, 1.0, 2.0, 0.0, 0.0, 1.0, 1.0], "bins": [3.80931397536699e-12, 6.379266324074706e-07, 1.2758495131492964e-06, 1.913772393891122e-06, 2.5516951609461103e-06, 3.1896179280010983e-06, 3.827540695056086e-06, 4.4654634621110745e-06, 5.1033862291660625e-06, 5.741308996221051e-06, 6.379231763276039e-06, 7.017154530331027e-06, 7.655077752133366e-06, 8.293000064441003e-06, 8.930923286243342e-06, 9.56884650804568e-06, 1.0206768820353318e-05, 1.0844692042155657e-05, 1.1482614354463294e-05, 1.2120537576265633e-05, 1.275845988857327e-05, 1.339638311037561e-05, 1.4034305422683246e-05, 1.4672228644485585e-05, 1.5310151866287924e-05, 1.5948075088090263e-05, 1.6585998309892602e-05, 1.7223919712705538e-05, 1.7861842934507877e-05, 1.8499766156310216e-05, 1.9137689378112555e-05, 1.9775612599914894e-05, 2.041353400272783e-05, 2.1051457224530168e-05, 2.1689380446332507e-05, 2.2327301849145442e-05, 2.296522507094778e-05, 2.360314829275012e-05, 2.424107151455246e-05, 2.4878994736354798e-05, 2.5516916139167733e-05, 2.6154839360970072e-05, 2.679276258277241e-05, 2.7430683985585347e-05, 2.8068607207387686e-05, 2.8706530429190025e-05, 2.9344453650992364e-05, 2.9982376872794703e-05, 3.062030009459704e-05, 3.125822331639938e-05, 3.189614653820172e-05, 3.253406976000406e-05, 3.31719929818064e-05, 3.380991256562993e-05, 3.444783578743227e-05, 3.508575900923461e-05, 3.5723682231036946e-05, 3.6361605452839285e-05, 3.6999528674641624e-05, 3.763745189644396e-05, 3.82753751182463e-05, 3.8913294702069834e-05, 3.955121792387217e-05, 4.018914114567451e-05, 4.082706436747685e-05]}, "train loss": 0.012038901448249817, "f loss": 0.012038901448249817, "data loss": 0.011609583161771297, "_runtime": 15, "_timestamp": 1646892404, "_step": 499, "_wandb": {"runtime": 16}}