{"train loss": 1.6600553488731384, "f loss": 1.6600553488731384, "f loss weighted": 0.023284488022327424, "data loss": 0.044020226299762724, "_runtime": 2278, "_timestamp": 1655245824, "_step": 9, "_wandb": {"runtime": 2279}}