{"train loss": 4.031533441543579, "f loss": 4.031533441543579, "f loss weighted": 6.43578327810701e-06, "data loss": 0.21353037416934967, "_runtime": 3690, "_timestamp": 1653549500, "_step": 24, "_wandb": {"runtime": 3685}}