{"mean f err": 1.6977160469293595, "std f err": 0.014773888063875421, "mean L2 err": 0.07923517678678035, "std data err": 0.0012124184219721283, "_runtime": 7, "_timestamp": 1655119962, "_step": 0, "_wandb": {"runtime": 7}}