{"mean f err": 2.797240037918091, "std f err": 0.020278642399814212, "mean L2 err": 0.1879572070837021, "std data err": 0.0031068591503389765, "_runtime": 7, "_timestamp": 1653537670, "_step": 0, "_wandb": {"runtime": 7}}