{"train loss": 1.7631343936920165, "f loss": 1.7631343936920165, "f loss weighted": 1.286818042132154e-05, "data loss": 0.11533054813742638, "_runtime": 3686, "_timestamp": 1654051150, "_step": 24, "_wandb": {"runtime": 3688}}