{"train loss": 0.6877685725688935, "f loss": 0.6877685725688935, "f loss weighted": 0.46009338557720186, "data loss": 0.022829218097031118, "_runtime": 40064, "_timestamp": 1655279573, "_step": 39, "_wandb": {"runtime": 40067}}