{"train loss": 1.2772794556617737, "f loss": 1.2772794556617737, "f loss weighted": 0.016038559675216675, "data loss": 0.03872210331261158, "_runtime": 8012, "_timestamp": 1655247521, "_step": 9}