{"train loss": 0.7524022448062897, "f loss": 0.7524022448062897, "f loss weighted": 0.10764226939529181, "data loss": 0.030636505521833897, "_runtime": 15317, "_timestamp": 1654062781, "_step": 24, "_wandb": {"runtime": 15318}}