{"train loss": 1.5315883159637451, "f loss": 1.5315883159637451, "f loss weighted": 0.0014094163570553065, "data loss": 0.04726783961057663, "_runtime": 13650, "_timestamp": 1654050135, "_step": 24, "_wandb": {"runtime": 13651}}