{"train loss": 3056066.2674124455, "f loss": 3056066.2674124455, "f loss weighted": 16824.646003996168, "data loss": 37518.6365566206, "_runtime": 1127, "_timestamp": 1653546938, "_step": 0, "_wandb": {"runtime": 1735}}