{"mean f err": 1.654621746301651, "std f err": 0.015642231843439845, "mean L2 err": 0.04644376592338085, "std data err": 0.0007676436215834765, "_runtime": 6, "_timestamp": 1655245864, "_step": 0, "_wandb": {"runtime": 7}}