{"train loss": 1.9750456762313844, "f loss": 1.9750456762313844, "f loss weighted": 0.010037496900185943, "data loss": 0.04687391869723797, "_runtime": 8240, "_timestamp": 1655247753, "_step": 5}