{"train loss": 0.46128220200538633, "f loss": 0.46128220200538633, "f loss weighted": 0.03194865912199021, "data loss": 0.020995358899235726, "_runtime": 84033, "_timestamp": 1655323546, "_step": 32}