{"mean f err": 1.7710123105049134, "std f err": 0.016919826556871274, "mean L2 err": 0.06778681115806102, "std data err": 0.001083745194610603, "_runtime": 6, "_timestamp": 1654062825, "_step": 0, "_wandb": {"runtime": 6}}