{"train loss": 1.6850446772575378, "f loss": 1.6850446772575378, "f loss weighted": 0.0008154811280837748, "data loss": 0.07582960829138756, "_runtime": 3717, "_timestamp": 1654051181, "_step": 24, "_wandb": {"runtime": 3718}}