{"train loss": 3.106144998073578, "f loss": 3.106144998073578, "f loss weighted": 0.008189804354351508, "data loss": 0.16897326737642288, "_runtime": 6738, "_timestamp": 1654054191, "_step": 24, "_wandb": {"runtime": 6739}}