{"mean f err": 0.8527406767010689, "std f err": 0.009132885518996018, "mean L2 err": 0.03171498811431229, "std data err": 0.0004671956811290056, "_runtime": 7, "_timestamp": 1654062823, "_step": 0, "_wandb": {"runtime": 6}}