{"train loss": 1.0669491684436798, "f loss": 1.0669491684436798, "f loss weighted": 0.0021131750266067686, "data loss": 0.0456926092505455, "_runtime": 4692, "_timestamp": 1654052157, "_step": 24, "_wandb": {"runtime": 4692}}