{"train loss": 2.3343418645858764, "f loss": 2.3343418645858764, "f loss weighted": 240.478140335083, "data loss": 0.16512344628572465, "_runtime": 2554, "_timestamp": 1653548365, "_step": 24, "_wandb": {"runtime": 2555}}