{"mean f err": 2.827077093362808, "std f err": 0.02376862797464769, "mean L2 err": 0.09138738626986742, "std data err": 0.0011065760310766649, "_runtime": 7, "_timestamp": 1654062827, "_step": 0, "_wandb": {"runtime": 7}}