{"mean f err": 1.295489245891571, "std f err": 0.011054834784199392, "mean L2 err": 0.06256603004783393, "std data err": 0.0010126853296819702, "_runtime": 7, "_timestamp": 1653545818, "_step": 0, "_wandb": {"runtime": 8}}