{"mean f err": 0.48167306756973266, "std f err": 0.007028726335161187, "mean L2 err": 0.01508714724238962, "std data err": 0.00030279415788149716, "_runtime": 7, "_timestamp": 1654031251, "_step": 0, "_wandb": {"runtime": 8}}