{"mean f err": 2.6470402226448058, "std f err": 0.02415681209159011, "mean L2 err": 0.17086878511309625, "std data err": 0.002902658420218786, "_runtime": 6, "_timestamp": 1653537396, "_step": 0}