{"train loss": 0.8212957978248596, "f loss": 0.8212957978248596, "f loss weighted": 0.8848915660381317, "data loss": 0.026874209009110927, "_runtime": 8606, "_timestamp": 1653554412, "_step": 24, "_wandb": {"runtime": 8607}}