{"train loss": 1.403809859752655, "f loss": 1.403809859752655, "f loss weighted": 1.9386016639089123e-06, "data loss": 0.11093668967485427, "_runtime": 9869, "_timestamp": 1654041279, "_step": 49, "_wandb": {"runtime": 9870}}