{"mean f err": 1.4064746379852295, "std f err": 0.012669125940258603, "mean L2 err": 0.0460511521473527, "std data err": 0.00057968413111454, "_runtime": 6, "_timestamp": 1655119960, "_step": 0, "_wandb": {"runtime": 6}}