{"mean f err": 1.5426230549812316, "std f err": 0.013907230195765891, "mean L2 err": 0.037908159971237185, "std data err": 0.0006895709354369208, "_runtime": 8, "_timestamp": 1653562631, "_step": 0, "_wandb": {"runtime": 8}}