{"mean f err": 0.8688981279730796, "std f err": 0.010794625330086481, "mean L2 err": 0.020955623531714082, "std data err": 0.0003363386946542082, "_runtime": 7, "_timestamp": 1655119962, "_step": 0, "_wandb": {"runtime": 7}}