{"mean f err": 1.1671743838787079, "std f err": 0.01103500338970897, "mean L2 err": 0.04136321318149567, "std data err": 0.0005188690164677523, "_runtime": 6, "_timestamp": 1654062823, "_step": 0, "_wandb": {"runtime": 6}}