{"train loss": 1.6710397148132323, "f loss": 1.6710397148132323, "f loss weighted": 0.2399588257074356, "data loss": 0.048473802357912064, "_runtime": 3457, "_timestamp": 1655237572, "_step": 11}