{"train loss": 1.430420138835907, "f loss": 1.430420138835907, "f loss weighted": 0.0004829521643114276, "data loss": 0.04758717529475689, "_runtime": 7185, "_timestamp": 1654054648, "_step": 24, "_wandb": {"runtime": 7187}}