{"train loss": 1.63885897397995, "f loss": 1.63885897397995, "f loss weighted": 0.0007194380986038595, "data loss": 0.08045240953564643, "_runtime": 6763, "_timestamp": 1653552576, "_step": 24, "_wandb": {"runtime": 6765}}