{"train loss": 0.8218497276306153, "f loss": 0.8218497276306153, "f loss weighted": 6.628026305520507e-05, "data loss": 0.03492275297641754, "_runtime": 30797, "_timestamp": 1655117477, "_step": 49, "_wandb": {"runtime": 30797}}