{"train loss": 0.7113666677474976, "f loss": 0.7113666677474976, "f loss weighted": 0.07367490835487843, "data loss": 0.03530503019690514, "_runtime": 11986, "_timestamp": 1654059450, "_step": 24, "_wandb": {"runtime": 11988}}