{"train loss": 0.5429550349712372, "f loss": 0.5429550349712372, "f loss weighted": 0.04326793774962425, "data loss": 0.023732871748507023, "_runtime": 85492, "_timestamp": 1655325004, "_step": 24}