{"train loss": 1.7345698189735412, "f loss": 1.7345698189735412, "f loss weighted": 0.01990216605365276, "data loss": 0.04855229534208774, "_runtime": 8162, "_timestamp": 1655247674, "_step": 3}