{"train loss": 1.5750750188827514, "f loss": 1.5750750188827514, "f loss weighted": 0.0030829707384109496, "data loss": 0.04048133727908135, "_runtime": 16772, "_timestamp": 1653562582, "_step": 24, "_wandb": {"runtime": 16773}}