{"mean f err": 1.2027023035287856, "std f err": 0.010793024490892887, "mean L2 err": 0.04799395763128996, "std data err": 0.0006398618840266091, "_runtime": 6, "_timestamp": 1654062824, "_step": 0, "_wandb": {"runtime": 7}}