{"train loss": 0.9576091337203979, "f loss": 0.9576091337203979, "f loss weighted": 0.11506504826247692, "data loss": 0.035277209728956226, "_runtime": 6696, "_timestamp": 1654054160, "_step": 24, "_wandb": {"runtime": 6697}}