{"mean f err": 0.9285878100395203, "std f err": 0.008746355088601757, "mean L2 err": 0.037838078904896974, "std data err": 0.0005689499830755379, "_runtime": 6, "_timestamp": 1655119959, "_step": 0, "_wandb": {"runtime": 7}}