{"mean f err": 1.7397303924560548, "std f err": 0.01581235932262755, "mean L2 err": 0.05564025630056858, "std data err": 0.0006772871247578412, "_runtime": 6, "_timestamp": 1654054462, "_step": 0, "_wandb": {"runtime": 7}}