{"train loss": 0.4229311263561249, "f loss": 0.4229311263561249, "f loss weighted": 272.81613677978515, "data loss": 0.015517136789858341, "_runtime": 30773, "_timestamp": 1655117448, "_step": 49, "_wandb": {"runtime": 30773}}