{"mean f err": 2.5606890232563018, "std f err": 0.02199509458436925, "mean L2 err": 0.10611311372369528, "std data err": 0.0014796371635400806, "_runtime": 7, "_timestamp": 1654062829, "_step": 0, "_wandb": {"runtime": 7}}