{"mean f err": 0.48068697869777677, "std f err": 0.007015494802107461, "mean L2 err": 0.015557200101204217, "std data err": 0.00030844931343239015, "_runtime": 18, "_timestamp": 1653448387, "_step": 0, "_wandb": {"runtime": 20}}