{"train loss": 1.1965477967262268, "f loss": 1.1965477967262268, "f loss weighted": 0.0011788156011607498, "data loss": 0.048017082437872886, "_runtime": 8602, "_timestamp": 1654045087, "_step": 24, "_wandb": {"runtime": 8603}}