{"train loss": 2.9020582103729247, "f loss": 2.9020582103729247, "f loss weighted": 1.228931579916548e-05, "data loss": 0.15634841069579125, "_runtime": 2756, "_timestamp": 1654050220, "_step": 24, "_wandb": {"runtime": 2757}}