{"train loss": 1.9994631242752074, "f loss": 1.9994631242752074, "f loss weighted": 855111145881.6, "data loss": 0.07941627651453018, "_runtime": 3546, "_timestamp": 1653549352, "_step": 24, "_wandb": {"runtime": 3547}}