{"mean f err": 2.433724491119385, "std f err": 0.022973683139585813, "mean L2 err": 0.1527472839280963, "std data err": 0.0023774585198740672, "_runtime": 6, "_timestamp": 1654062829, "_step": 0, "_wandb": {"runtime": 7}}