{"gradients/boundary_param": {"_type": "histogram", "values": [1877078.0, 129617.0, 33888.0, 14728.0, 7997.0, 4732.0, 2978.0, 2070.0, 1534.0, 1108.0, 802.0, 736.0, 555.0, 439.0, 369.0, 296.0, 246.0, 207.0, 199.0, 173.0, 120.0, 123.0, 86.0, 59.0, 76.0, 61.0, 47.0, 49.0, 36.0, 36.0, 34.0, 22.0, 29.0, 17.0, 16.0, 12.0, 18.0, 10.0, 11.0, 16.0, 14.0, 8.0, 10.0, 11.0, 11.0, 12.0, 9.0, 9.0, 10.0, 4.0, 8.0, 8.0, 7.0, 4.0, 1.0, 3.0, 2.0, 2.0, 1.0, 0.0, 0.0, 1.0, 0.0, 3.0], "bins": [8.626547054867618e-20, 1.164985519608308e-06, 2.329971039216616e-06, 3.494956672511762e-06, 4.659942078433232e-06, 5.824927484354703e-06, 6.989913345023524e-06, 8.154898750944994e-06, 9.319884156866465e-06, 1.0484869562787935e-05, 1.1649854968709406e-05, 1.2814840374630876e-05, 1.3979826690047048e-05, 1.5144811186473817e-05, 1.630979750188999e-05, 1.747478381730616e-05, 1.863976831373293e-05, 1.98047546291491e-05, 2.096973912557587e-05, 2.2134725440992042e-05, 2.329970993741881e-05, 2.4464696252834983e-05, 2.5629680749261752e-05, 2.6794667064677924e-05, 2.7959653380094096e-05, 2.9124639695510268e-05, 3.0289624191937037e-05, 3.1454608688363805e-05, 3.261959500377998e-05, 3.378458131919615e-05, 3.494956763461232e-05, 3.611455031204969e-05, 3.727953662746586e-05, 3.844452294288203e-05, 3.96095092582982e-05, 4.077449193573557e-05, 4.193947825115174e-05, 4.310446456656791e-05, 4.4269450881984085e-05, 4.543443355942145e-05, 4.659941987483762e-05, 4.7764406190253794e-05, 4.8929392505669966e-05, 5.009437518310733e-05, 5.1259361498523504e-05, 5.2424347813939676e-05, 5.358933412935585e-05, 5.475431680679321e-05, 5.591930676018819e-05, 5.7084293075604364e-05, 5.8249279391020536e-05, 5.94142620684579e-05, 6.0579248383874074e-05, 6.174423469929025e-05, 6.290921737672761e-05, 6.407420733012259e-05, 6.523919000755996e-05, 6.640417268499732e-05, 6.75691626383923e-05, 6.873414531582966e-05, 6.989913526922464e-05, 7.106411794666201e-05, 7.222910062409937e-05, 7.339409057749435e-05, 7.455907325493172e-05]}, "gradients/init_param": {"_type": "histogram", "values": [15964.0, 128.0, 40.0, 22.0, 18.0, 8.0, 9.0, 5.0, 12.0, 6.0, 4.0, 7.0, 6.0, 7.0, 8.0, 3.0, 5.0, 0.0, 7.0, 6.0, 6.0, 3.0, 1.0, 5.0, 6.0, 2.0, 3.0, 3.0, 4.0, 4.0, 3.0, 3.0, 3.0, 3.0, 1.0, 5.0, 3.0, 4.0, 1.0, 2.0, 4.0, 1.0, 4.0, 2.0, 3.0, 2.0, 2.0, 1.0, 3.0, 1.0, 7.0, 0.0, 0.0, 4.0, 1.0, 4.0, 1.0, 1.0, 2.0, 3.0, 2.0, 2.0, 2.0, 2.0], "bins": [3.412616123390534e-14, 0.00017852381279226393, 0.00035704762558452785, 0.0005355714238248765, 0.0007140952511690557, 0.0008926190785132349, 0.001071142847649753, 0.0012496666749939322, 0.0014281905023381114, 0.0016067143296822906, 0.0017852381570264697, 0.001963761867955327, 0.002142285695299506, 0.0023208095226436853, 0.0024993333499878645, 0.0026778571773320436, 0.002856381004676223, 0.003034904832020402, 0.003213428659364581, 0.0033919524867087603, 0.0035704763140529394, 0.0037490001413971186, 0.003927523735910654, 0.004106047563254833, 0.004284571390599012, 0.0044630952179431915, 0.004641619045287371, 0.00482014287263155, 0.004998666699975729, 0.005177190527319908, 0.005355714354664087, 0.0055342381820082664, 0.005712762009352446, 0.005891285836696625, 0.006069809664040804, 0.006248333491384983, 0.006426857318729162, 0.006605381146073341, 0.0067839049734175205, 0.0069624288007617, 0.007140952628105879, 0.007319476455450058, 0.007498000282794237, 0.007676524110138416, 0.007855047471821308, 0.008033571764826775, 0.008212095126509666, 0.008390619419515133, 0.008569142781198025, 0.008747666142880917, 0.008926190435886383, 0.009104713797569275, 0.009283238090574741, 0.009461761452257633, 0.0096402857452631, 0.009818809106945992, 0.009997333399951458, 0.01017585676163435, 0.010354381054639816, 0.010532904416322708, 0.010711428709328175, 0.010889952071011066, 0.011068476364016533, 0.011246999725699425, 0.011425524018704891]}, "Train f error": 0.9612327218055725, "Train L2 error": 0.29870063066482544, "Train loss": 212.00390625, "Test L2 error": 0.6416018009185791, "Time cost": 1.0128413850907236, "_runtime": 18, "_timestamp": 1647044974, "_step": 10, "_wandb": {"runtime": 19}}