{"train loss": 13.083693904876709, "f loss": 13.083693904876709, "f loss weighted": -0.000814276183664333, "data loss": 0.35771882355213164, "_runtime": 3674, "_timestamp": 1653549486, "_step": 24, "_wandb": {"runtime": 3675}}