{"train loss": 2.0028564739227295, "f loss": 2.0028564739227295, "f loss weighted": 0.0005205160011246334, "data loss": 0.08808109357953071, "_runtime": 7580, "_timestamp": 1654055045, "_step": 24, "_wandb": {"runtime": 7581}}