{"train loss": 674.8084107255936, "f loss": 674.8084107255936, "f loss weighted": 18108732823.3625, "data loss": 5.729956635832787, "_runtime": 12408, "_timestamp": 1655099083, "_step": 16, "_wandb": {"runtime": 30721}}