{"mean f error": 0.47702899084985256, "std err f": 0.005082756318845891, "mean L2 error": 0.014179215969517827, "std error L2": 0.00019915822797132843, "_runtime": 9, "_timestamp": 1647155720, "_step": 0, "_wandb": {"runtime": 9}}