{"gradients/boundary_param": {"_type": "histogram", "values": [236805.0, 12933.0, 3884.0, 1655.0, 925.0, 555.0, 316.0, 246.0, 123.0, 109.0, 80.0, 77.0, 46.0, 41.0, 33.0, 26.0, 23.0, 19.0, 19.0, 14.0, 11.0, 11.0, 8.0, 14.0, 4.0, 5.0, 6.0, 4.0, 4.0, 1.0, 4.0, 2.0, 3.0, 2.0, 4.0, 1.0, 3.0, 4.0, 3.0, 1.0, 1.0, 0.0, 1.0, 1.0, 1.0, 3.0, 0.0, 3.0, 2.0, 1.0, 1.0, 1.0, 0.0, 2.0, 0.0, 0.0, 1.0, 1.0, 0.0, 2.0, 1.0, 0.0, 0.0, 2.0], "bins": [2.874837763914976e-17, 4.908442406303948e-06, 9.816884812607896e-06, 1.4725326764164492e-05, 1.963376962521579e-05, 2.454221248626709e-05, 2.9450653528328985e-05, 3.435909820836969e-05, 3.926753925043158e-05, 4.417598029249348e-05, 4.908442497253418e-05, 5.3992866014596075e-05, 5.890130705665797e-05, 6.380975537467748e-05, 6.871818914078176e-05, 7.362663745880127e-05, 7.853507850086316e-05, 8.344351954292506e-05, 8.835196058498695e-05, 9.326040162704885e-05, 9.816884994506836e-05, 0.00010307729098713025, 0.00010798573202919215, 0.00011289418034721166, 0.00011780262138927355, 0.00012271106243133545, 0.00012761951074935496, 0.00013252794451545924, 0.00013743639283347875, 0.00014234482659958303, 0.00014725327491760254, 0.00015216172323562205, 0.00015707015700172633, 0.00016197860531974584, 0.00016688703908585012, 0.00017179548740386963, 0.0001767039211699739, 0.00018161236948799342, 0.0001865208032540977, 0.0001914292515721172, 0.00019633769989013672, 0.00020124614820815623, 0.0002061545819742605, 0.00021106303029228002, 0.0002159714640583843, 0.0002208799123764038, 0.00022578836069442332, 0.0002306967944605276, 0.00023560522822663188, 0.0002405136765446514, 0.0002454221248626709, 0.00025033054407685995, 0.00025523899239487946, 0.00026014744071289897, 0.0002650558890309185, 0.000269964337348938, 0.0002748727856669575, 0.000279781233984977, 0.0002846896823029965, 0.00028959810151718557, 0.0002945065498352051, 0.0002994149981532246, 0.0003043234464712441, 0.0003092318947892636, 0.00031414031400345266]}, "gradients/init_param": {"_type": "histogram", "values": [3589.0, 302.0, 94.0, 54.0, 25.0, 13.0, 4.0, 5.0, 3.0, 2.0, 1.0, 0.0, 0.0, 0.0, 0.0, 1.0, 0.0, 0.0, 0.0, 0.0, 1.0, 0.0, 0.0, 0.0, 0.0, 0.0, 0.0, 0.0, 0.0, 0.0, 1.0, 0.0, 0.0, 0.0, 0.0, 0.0, 0.0, 0.0, 0.0, 0.0, 0.0, 0.0, 0.0, 0.0, 0.0, 0.0, 0.0, 0.0, 0.0, 0.0, 0.0, 0.0, 0.0, 0.0, 0.0, 0.0, 0.0, 0.0, 0.0, 0.0, 0.0, 0.0, 0.0, 1.0], "bins": [9.825656727049242e-14, 7.559621008113027e-05, 0.00015119242016226053, 0.0002267886302433908, 0.00030238484032452106, 0.00037798105040565133, 0.0004535772604867816, 0.0005291734705679119, 0.0006047696806490421, 0.0006803658907301724, 0.0007559621008113027, 0.0008315583108924329, 0.0009071545209735632, 0.0009827506728470325, 0.0010583469411358237, 0.001133943209424615, 0.0012095393612980843, 0.0012851355131715536, 0.0013607317814603448, 0.001436328049749136, 0.0015119242016226053, 0.0015875203534960747, 0.0016631166217848659, 0.001738712890073657, 0.0018143090419471264, 0.0018899051938205957, 0.001965501345694065, 0.002041097730398178, 0.0021166938822716475, 0.002192290034145117, 0.00226788641884923, 0.002343482570722699, 0.0024190787225961685, 0.002494674874469638, 0.0025702710263431072, 0.0026458674110472202, 0.0027214635629206896, 0.002797059714794159, 0.002872656099498272, 0.0029482522513717413, 0.0030238484032452106, 0.00309944455511868, 0.0031750407069921494, 0.0032506370916962624, 0.0033262332435697317, 0.003401829395443201, 0.003477425780147314, 0.0035530219320207834, 0.0036286180838942528, 0.003704214235767722, 0.0037798103876411915, 0.0038554067723453045, 0.00393100269138813, 0.004006599076092243, 0.004082195460796356, 0.004157791379839182, 0.004233387764543295, 0.004308984149247408, 0.004384580068290234, 0.004460176452994347, 0.00453577283769846, 0.004611368756741285, 0.004686965141445398, 0.004762561060488224, 0.004838157445192337]}, "Train f error": 0.4629021883010864, "Train L2 error": 0.03983921557664871, "Train loss": 1924.948486328125, "Test L2 error": 0.25862377882003784, "Time cost": 0.14353973581455648, "_runtime": 32, "_timestamp": 1647065849, "_step": 208}