{"mean f err": 2.2344483933448793, "std f err": 0.016835061356675042, "mean L2 err": 0.16102600405365228, "std data err": 0.0023355801845664826, "_runtime": 6, "_timestamp": 1654062823, "_step": 0, "_wandb": {"runtime": 6}}