{"train loss": 1.4140041279792785, "f loss": 1.4140041279792785, "f loss weighted": 0.6486847072839736, "data loss": 0.08739526212215423, "_runtime": 7942, "_timestamp": 1654055406, "_step": 18, "_wandb": {"runtime": 8626}}