{"mean f err": 1.4492578268051148, "std f err": 0.0123409313133067, "mean L2 err": 0.10715414398163557, "std data err": 0.0018605975838710549, "_runtime": 6, "_timestamp": 1654062826, "_step": 0, "_wandb": {"runtime": 7}}