{"mean f err": 2.4457819845676423, "std f err": 0.01722698788438062, "mean L2 err": 0.09623183135688305, "std data err": 0.0019121081863485315, "_runtime": 6, "_timestamp": 1655245863, "_step": 0, "_wandb": {"runtime": 7}}