{"train loss": 0.5696991366147995, "f loss": 0.5696991366147995, "f loss weighted": 1032.611865234375, "data loss": 0.0176562725007534, "_runtime": 21837, "_timestamp": 1655108511, "_step": 49, "_wandb": {"runtime": 21836}}