{"train loss": 1.6770701909065246, "f loss": 1.6770701909065246, "f loss weighted": 0.002164532772731036, "data loss": 0.04994386672973633, "_runtime": 17946, "_timestamp": 1654054420, "_step": 24, "_wandb": {"runtime": 17947}}