{"train loss": 0.84137038230896, "f loss": 0.84137038230896, "f loss weighted": 1.4146150076389312, "data loss": 0.02708590865135193, "_runtime": 8962, "_timestamp": 1654056426, "_step": 24, "_wandb": {"runtime": 8962}}