{"train loss": 2.7126618576049806, "f loss": 2.7126618576049806, "f loss weighted": 3.1945652222020726e-06, "data loss": 0.13294805943965912, "_runtime": 2876, "_timestamp": 1654050340, "_step": 24, "_wandb": {"runtime": 2877}}