{"train loss": 0.5149622386693955, "f loss": 0.5149622386693955, "f loss weighted": 0.9821760642528534, "data loss": 0.016249669790267943, "_runtime": 29738, "_timestamp": 1655269250, "_step": 39, "_wandb": {"runtime": 29739}}