{"train loss": 0.846313145160675, "f loss": 0.846313145160675, "f loss weighted": 0.012527259811758996, "data loss": 0.03452995520085096, "_runtime": 8306, "_timestamp": 1655247818, "_step": 18}