{"train loss": 3.5733417665958402, "f loss": 3.5733417665958402, "f loss weighted": 0.37415464673656973, "data loss": 0.3899129810929298, "_runtime": 163, "_timestamp": 1653537138, "_step": 0, "_wandb": {"runtime": 164}}