{"train loss": 2.4229604387283326, "f loss": 2.4229604387283326, "f loss weighted": 0.00011792293624694138, "data loss": 0.07245583087205887, "_runtime": 5289, "_timestamp": 1655091964, "_step": 49, "_wandb": {"runtime": 5290}}