{"mean f err": 2.655970650911331, "std f err": 0.024152705229300575, "mean L2 err": 0.17105584563314916, "std data err": 0.0028928960826368525, "_runtime": 7, "_timestamp": 1653537666, "_step": 0, "_wandb": {"runtime": 6}}