{"train loss": 1.540393738746643, "f loss": 1.540393738746643, "f loss weighted": 3701217.565, "data loss": 0.048947569206357004, "_runtime": 10919, "_timestamp": 1654058372, "_step": 24, "_wandb": {"runtime": 10920}}