{"train loss": 0.6834099161624908, "f loss": 0.6834099161624908, "f loss weighted": 0.05482534453272819, "data loss": 0.03308279681950808, "_runtime": 10126, "_timestamp": 1655249633, "_step": 39, "_wandb": {"runtime": 10126}}