{"train loss": 0.9238967549800873, "f loss": 0.9238967549800873, "f loss weighted": 0.023544119372963905, "data loss": 0.045120410546660425, "_runtime": 8398, "_timestamp": 1655247905, "_step": 35}