{"train loss": 1.2757105946540832, "f loss": 1.2757105946540832, "f loss weighted": 0.0013672014244366438, "data loss": 0.03629556726664305, "_runtime": 10007, "_timestamp": 1653555817, "_step": 24, "_wandb": {"runtime": 10008}}