{"train loss": 2.7045527577400206, "f loss": 2.7045527577400206, "f loss weighted": 1.8054509612284165e-05, "data loss": 0.18102387815713883, "_runtime": 2422, "_timestamp": 1654049887, "_step": 24, "_wandb": {"runtime": 2424}}