{"train loss": 0.6230968415737153, "f loss": 0.6230968415737153, "f loss weighted": 1.444475030899048, "data loss": 0.01727030150592327, "_runtime": 42011, "_timestamp": 1655177191, "_step": 41}