{"mean f err": 2.79608722949028, "std f err": 0.020259130584274355, "mean L2 err": 0.1879381849616766, "std data err": 0.003107087514178178, "_runtime": 20, "_timestamp": 1653537217, "_step": 0, "_wandb": {"runtime": 17}}