{"train loss": 0.055123797133564946, "f loss": 0.055123797133564946, "data loss": 0.012621249873191118, "_runtime": 733, "_timestamp": 1653447776, "_step": 299, "_wandb": {"runtime": 731}}