{"train loss": 0.47037044942378997, "f loss": 0.47037044942378997, "f loss weighted": 0.8494433867931366, "data loss": 0.015843048226088285, "_runtime": 33219, "_timestamp": 1655119894, "_step": 49, "_wandb": {"runtime": 33220}}