{"train loss": 2.5001809358596803, "f loss": 2.5001809358596803, "f loss weighted": 1.0948793962411583, "data loss": 0.2588856112957001, "_runtime": 3448, "_timestamp": 1655237580, "_step": 0}