{"train loss": 1.3966064476966857, "f loss": 1.3966064476966857, "f loss weighted": 0.22398840010166168, "data loss": 0.03559212543070316, "_runtime": 10474, "_timestamp": 1655237308, "_step": 11}