{"train loss": 1.251385748386383, "f loss": 1.251385748386383, "f loss weighted": 7.651697251560562e-06, "data loss": 0.0520987693965435, "_runtime": 13230, "_timestamp": 1653540820, "_step": 49, "_wandb": {"runtime": 13231}}