{"train loss": 3.9834583234786987, "f loss": 3.9834583234786987, "f loss weighted": 602285362398474.9, "data loss": 0.33638067603111266, "_runtime": 215, "_timestamp": 1653546025, "_step": 0, "_wandb": {"runtime": 7514}}