{"mean f err": 1.8080383152961732, "std f err": 0.015418544274119178, "mean L2 err": 0.07340759723633528, "std data err": 0.0006443289075071811, "_runtime": 6, "_timestamp": 1654054459, "_step": 0, "_wandb": {"runtime": 7}}