{"train loss": 1.1669623231887818, "f loss": 1.1669623231887818, "f loss weighted": 0.034078094698488715, "data loss": 0.032038297392427924, "_runtime": 20560, "_timestamp": 1655264625, "_step": 49, "_wandb": {"runtime": 20561}}