{"train loss": 1.5954124689102174, "f loss": 1.5954124689102174, "f loss weighted": 0.3141519486904144, "data loss": 0.04251101993024349, "_runtime": 4152, "_timestamp": 1655248217, "_step": 12}