{"train loss": 0.9825386929512024, "f loss": 0.9825386929512024, "f loss weighted": 0.00016582640424530836, "data loss": 0.033511085137724876, "_runtime": 19868, "_timestamp": 1655106543, "_step": 49, "_wandb": {"runtime": 19868}}