{"gradients/boundary_param": {"_type": "histogram", "values": [235475.0, 13493.0, 4275.0, 1979.0, 983.0, 605.0, 332.0, 241.0, 161.0, 133.0, 77.0, 66.0, 51.0, 24.0, 26.0, 25.0, 13.0, 14.0, 8.0, 10.0, 6.0, 9.0, 2.0, 2.0, 2.0, 6.0, 6.0, 3.0, 2.0, 1.0, 0.0, 0.0, 0.0, 1.0, 2.0, 0.0, 3.0, 0.0, 1.0, 1.0, 3.0, 2.0, 0.0, 0.0, 1.0, 0.0, 1.0, 0.0, 0.0, 1.0, 0.0, 0.0, 0.0, 0.0, 0.0, 0.0, 0.0, 1.0, 0.0, 0.0, 0.0, 0.0, 0.0, 1.0], "bins": [1.278351802009357e-18, 7.799751074344385e-06, 1.559950214868877e-05, 2.3399254132527858e-05, 3.119900429737754e-05, 3.8998754462227225e-05, 4.6798508265055716e-05, 5.45982584299054e-05, 6.239800859475508e-05, 7.019776239758357e-05, 7.799750892445445e-05, 8.579726272728294e-05, 9.359701653011143e-05, 0.00010139676305698231, 0.0001091965168598108, 0.00011699626338668168, 0.00012479601718951017, 0.00013259577099233866, 0.00014039552479516715, 0.00014819527859799564, 0.0001559950178489089, 0.0001637947716517374, 0.00017159452545456588, 0.00017939427925739437, 0.00018719403306022286, 0.00019499378686305135, 0.00020279354066587985, 0.0002105932799167931, 0.0002183930337196216, 0.0002261927875224501, 0.00023399254132527858, 0.00024179229512810707, 0.00024959203437902033, 0.0002573917736299336, 0.0002651915419846773, 0.0002729912812355906, 0.0002807910495903343, 0.00028859078884124756, 0.0002963905571959913, 0.00030419029644690454, 0.0003119900356978178, 0.00031978977494873106, 0.0003275895433034748, 0.00033538928255438805, 0.00034318905090913177, 0.00035098879016004503, 0.0003587885294109583, 0.000366588297765702, 0.00037438806612044573, 0.000382187805371359, 0.0003899875737261027, 0.00039778731297701597, 0.0004055870813317597, 0.00041338682058267295, 0.0004211865598335862, 0.00042898632818832994, 0.0004367860674392432, 0.00044458580669015646, 0.0004523855750449002, 0.00046018531429581344, 0.00046798508265055716, 0.0004757848219014704, 0.00048358459025621414, 0.000491384300403297, 0.0004991840687580407]}, "gradients/init_param": {"_type": "histogram", "values": [3669.0, 276.0, 80.0, 18.0, 9.0, 2.0, 3.0, 0.0, 3.0, 1.0, 1.0, 0.0, 1.0, 1.0, 5.0, 1.0, 0.0, 1.0, 1.0, 0.0, 0.0, 1.0, 1.0, 0.0, 0.0, 1.0, 1.0, 2.0, 0.0, 1.0, 1.0, 1.0, 1.0, 0.0, 0.0, 2.0, 0.0, 1.0, 0.0, 0.0, 1.0, 0.0, 1.0, 0.0, 0.0, 0.0, 1.0, 2.0, 0.0, 0.0, 0.0, 0.0, 0.0, 1.0, 1.0, 1.0, 1.0, 0.0, 1.0, 0.0, 0.0, 0.0, 0.0, 1.0], "bins": [1.3289455663310565e-15, 0.0005129570490680635, 0.001025914098136127, 0.0015388710889965296, 0.002051828196272254, 0.0025647853035479784, 0.003077742177993059, 0.0035906992852687836, 0.004103656392544508, 0.004616613499820232, 0.005129570607095957, 0.005642527714371681, 0.006155484355986118, 0.00666844192892313, 0.007181398570537567, 0.0076943556778132915, 0.008207312785089016, 0.008720269426703453, 0.009233226999640465, 0.009746183641254902, 0.010259141214191914, 0.01077209785580635, 0.011285055428743362, 0.0117980120703578, 0.012310969643294811, 0.012823926284909248, 0.01333688385784626, 0.013849840499460697, 0.014362798072397709, 0.014875754714012146, 0.015388712286949158, 0.01590166985988617, 0.016414625570178032, 0.016927583143115044, 0.017440538853406906, 0.017953496426343918, 0.01846645399928093, 0.01897941157221794, 0.019492367282509804, 0.020005324855446815, 0.020518282428383827, 0.02103124000132084, 0.0215441957116127, 0.022057153284549713, 0.022570110857486725, 0.023083068430423737, 0.0235960241407156, 0.02410898171365261, 0.024621937423944473, 0.025134894996881485, 0.025647850707173347, 0.02616080828011036, 0.02667376585304737, 0.027186723425984383, 0.027699679136276245, 0.028212636709213257, 0.02872559428215027, 0.02923855185508728, 0.029751507565379143, 0.030264465138316154, 0.030777422711253166, 0.03129037842154503, 0.03180333599448204, 0.03231629356741905, 0.032829251140356064]}, "Train f error": 0.715033769607544, "Train L2 error": 0.27485528588294983, "Train loss": 357.8070068359375, "Test L2 error": 0.4878409802913666, "Time cost": 0.13151371199637651, "_runtime": 7, "_timestamp": 1647065797, "_step": 18, "_wandb": {"runtime": 7}}