{"train loss": 2.8213236427307127, "f loss": 2.8213236427307127, "f loss weighted": 7.43204061564029e-06, "data loss": 0.10929771900177002, "_runtime": 2876, "_timestamp": 1653548688, "_step": 24, "_wandb": {"runtime": 2873}}