{"Train f error": 0.9648912048339844, "Test L2 error": 0.8793408203125, "_runtime": 34, "_timestamp": 1647157708, "_step": 0, "_wandb": {"runtime": 35}}