{"train loss": 0.6285870003700257, "f loss": 0.6285870003700257, "f loss weighted": 0.2174403551220894, "data loss": 0.018505015820264818, "_runtime": 21747, "_timestamp": 1655108421, "_step": 49, "_wandb": {"runtime": 21747}}